Fold,Cross-validation Accuracy
1,0.99287926
2,0.99597523
3,0.99071207
4,0.99380613
5,0.99008981
